[{"@id":"http://statistics.gov.scot/data/gross-domestic-product-quarterly-output-by-industry","@type":["http://purl.org/linked-data/cube#DataSet","http://publishmydata.com/def/dataset#Dataset","http://publishmydata.com/def/dataset#LinkedDataset"],"http://purl.org/linked-data/cube#structure":[{"@id":"http://statistics.gov.scot/data/structure/gross-domestic-product-quarterly-output-by-industry"}],"http://www.w3.org/2000/01/rdf-schema#label":[{"@value":"Gross Domestic Product: Quarterly Output by Industry"}],"http://purl.org/dc/terms/title":[{"@value":"Gross Domestic Product: Quarterly Output by Industry"}],"http://www.w3.org/2000/01/rdf-schema#comment":[{"@value":"The value of goods and services produced quarterly"}],"http://publishmydata.com/def/dataset#contactEmail":[{"@id":"mailto:gdp_stats@gov.scot"}],"http://publishmydata.com/def/dataset#graph":[{"@id":"http://statistics.gov.scot/graph/gross-domestic-product-quarterly-output-by-industry"}],"http://purl.org/dc/terms/issued":[{"@type":"http://www.w3.org/2001/XMLSchema#dateTime","@value":"2017-08-23T09:31:13Z"}],"http://purl.org/dc/terms/modified":[{"@type":"http://www.w3.org/2001/XMLSchema#dateTime","@value":"2025-01-29T09:30:44.955Z"}],"http://purl.org/dc/terms/license":[{"@id":"http://www.nationalarchives.gov.uk/doc/open-government-licence/version/3/"}],"http://purl.org/dc/terms/creator":[{"@id":"http://statistics.gov.scot/id/organisation/scottish-government"}],"http://purl.org/dc/terms/publisher":[{"@id":"http://statistics.gov.scot/id/organisation/scottish-government"}],"http://purl.org/dc/terms/references":[{"@id":"http://statistics.gov.scot/help"}],"http://rdfs.org/ns/void#sparqlEndpoint":[{"@id":"http://statistics.gov.scot/sparql"}],"http://www.w3.org/ns/dcat#theme":[{"@id":"http://statistics.gov.scot/def/concept/folders/organisations/scottish-government"},{"@id":"http://statistics.gov.scot/def/concept/folders/themes/economy"}],"http://publishmydata.com/def/ontology/folder/inFolder":[{"@id":"http://statistics.gov.scot/def/concept/folders/organisations/scottish-government"},{"@id":"http://statistics.gov.scot/def/concept/folders/themes/economy"}],"http://purl.org/dc/terms/description":[{"@value":"Gross Domestic Product (GDP) is one of the best known indicators of economic activity and is widely used to monitor economic performance. GDP statistics for Scotland are produced by the Scottish Government and have been designated as [National Statistics](https://osr.statisticsauthority.gov.uk/national-statistics/). This dataset contains statistics for the output approach to GDP and growth in real terms, and includes results for the whole economy (Total GDP) and industry sectors. GDP can also be broken down using the income and expenditure approaches, which are available as separate datasets.\r\nThere are two updates to the output by industry statistics each quarter. The First Estimate of GDP growth is published around 80 days after the quarter’s end, and an updated second estimate is published in the Quarterly National Accounts around 120 days after the quarter’s end.  The First Estimate of GDP statistics will be published on this website as open data; the Second Estimate will not currently be available as open data, but will be available on the [Scottish Government website](http://www.gov.scot/gdp). Results for previous periods are also open to revision each quarter. Further details on [Scottish GDP statistics](http://www.gov.scot/gdp), including methodology notes and the revisions policy, are available.\r\n\r\nThe Industry Sector dimension in this dataset contains the broad industry sectors used on GDP statistics for Scotland the UK. These are based on industry sections from the Standard Industrial Classification (SIC, 2007). Further information can be found here\r\nThe Measure Type dimension in this dataset contains four GDP measures, detailed below. The index measure is rounded to 4 decimal places and the growth rate measures are rounded to 1 decimal place. It is not always possible to replicate the published growth rates using rounded data, but all results are also available unrounded in the downloadable spreadsheets from the latest publication. \r\n\r\n•\t4Q-on-4Q is the percentage change (growth rate) for the latest four quarters compared to the previous four non-overlapping quarters. This rolling annual growth rate gives a smoothed measure of recent trends. This growth rate is calculated from the Index measure.\r\n\r\n•\tIndex represents the level of output in real, or volume, terms for each industry or total GDP, relative to the base year (2019). An index value of more than 100 means that output is higher than in the base year, and a value of less than 100 means that output is lower than in the base year.\r\n\r\n•\tq-on-q is the percentage change (growth rate) for the latest quarter compared to the previous quarter. This quarterly growth rate is usually taken as the headline measure of GDP growth. This growth rate is calculated from the Index measure.\r\n\r\n•\tq-on-q year ago is the percentage change (growth rate) for the latest quarter compared to the same quarter in the previous year. This growth rate over the year is usually compared to other statistics such as earnings or price inflation. This growth rate is calculated from the Index measure.\r\n\r\nThe Reference Period dimension relates to standard calendar quarters. Quarter 1 refers to the period from January to March, Quarter 2 refers to April to June, Quarter 3 refers to July to September, and Quarter 4 refers to October to December.\r\nThe Reference Area dimension for this dataset only contains results for Scotland, with no breakdowns to other areas. In this dataset, all results relate to Scotland’s onshore economy and do not include the output of offshore oil and gas extraction in Scottish Adjacent Waters.\r\n\r\nEach industry sector is indexed to make them comparable. For each sector, the value during 2019 is taken as the base year, and given the value of 100. All indexed values are chainlinked volume measures, and given relative to the base year.\r\n"}],"http://statistics.gov.scot/def/statistical-quality/relevance":[{"@value":"Gross Domestic Product is the most commonly used measure of the economy of a country."}],"http://statistics.gov.scot/def/statistical-quality/accuracy-and-reliability":[{"@value":"Scotland's Gross Domestic Product is a National Statistic, certified by the UK Statistics Authority as compliant with its [Code of Practice](https://code.statisticsauthority.gov.uk/) for Official Statistics."}],"http://statistics.gov.scot/def/statistical-quality/timeliness-and-punctuality":[{"@value":"The first estimate of the data are published on a quarterly basis, with each new quarter's data published every three months. This open dataset will not currently be updated with publication of the second estimate of GDP."}],"http://statistics.gov.scot/def/statistical-quality/accessibility-and-clarity":[{"@value":"Information on [Scottish GDP](http://www.gov.scot/gdp) is available in commentary and tables published on the Scottish Government website."}],"http://statistics.gov.scot/def/statistical-quality/comparability-and-coherence":[{"@value":"Figures used for comparing GDP performance between Scotland and the UK refer to GDP at basic prices, also known as Gross Value Added (GVA). UK figures are taken from the Office for National Statistics' (ONS) Quarterly National Accounts publication, and the headline CGCE series is used (which includes output from the North Sea oil and gas sector)."}],"http://statistics.gov.scot/def/statistical-quality/confidentiality":[{"@value":"This dataset does not contain any sensitive or personal information."}],"http://statistics.gov.scot/def/statistical-quality/quality-management":[{"@value":"Scotland's Gross Domestic Product is a National Statistic, certified by the UK Statistics Authority as compliant with its [Code of Practice](https://code.statisticsauthority.gov.uk/) for Official Statistics."}],"http://statistics.gov.scot/def/statistical-quality/revisions":[{"@value":"Revisions to previous data are published along with the latest quarter of data as part of the [official release](http://www.gov.scot/gdp)."}],"http://publishmydata.com/def/dataset#nextUpdateDue":[{"@value":"February 2025"}]}]