[{"@id":"http://statistics.gov.scot/data/Life-Expectancy","@type":["http://purl.org/linked-data/cube#DataSet","http://publishmydata.com/def/dataset#Dataset","http://publishmydata.com/def/dataset#LinkedDataset"],"http://purl.org/linked-data/cube#structure":[{"@id":"http://statistics.gov.scot/data/structure/Life-Expectancy"}],"http://www.w3.org/2000/01/rdf-schema#label":[{"@value":"Life Expectancy"}],"http://purl.org/dc/terms/title":[{"@value":"Life Expectancy"}],"http://www.w3.org/2000/01/rdf-schema#comment":[{"@value":"Life expectancy in years, at birth and for age groups"}],"http://publishmydata.com/def/dataset#contactEmail":[{"@id":"mailto:statisticscustomerservices@nrscotland.gov.uk"}],"http://publishmydata.com/def/dataset#graph":[{"@id":"http://statistics.gov.scot/graph/Life-Expectancy"}],"http://purl.org/dc/terms/issued":[{"@type":"http://www.w3.org/2001/XMLSchema#dateTime","@value":"2018-03-23T16:46:02Z"}],"http://purl.org/dc/terms/modified":[{"@type":"http://www.w3.org/2001/XMLSchema#dateTime","@value":"2024-01-31T15:36:03.830Z"}],"http://purl.org/dc/terms/license":[{"@id":"http://www.nationalarchives.gov.uk/doc/open-government-licence/version/3/"}],"http://purl.org/dc/terms/creator":[{"@id":"http://statistics.gov.scot/id/organisation/scottish-government"}],"http://purl.org/dc/terms/publisher":[{"@id":"http://statistics.gov.scot/id/organisation/scottish-government"}],"http://purl.org/dc/terms/references":[{"@id":"http://statistics.gov.scot/help"}],"http://rdfs.org/ns/void#sparqlEndpoint":[{"@id":"http://statistics.gov.scot/sparql"}],"http://www.w3.org/ns/dcat#theme":[{"@id":"http://statistics.gov.scot/def/concept/folders/themes/population"},{"@id":"http://statistics.gov.scot/def/concept/folders/organisations/national-records-of-scotland"}],"http://publishmydata.com/def/ontology/folder/inFolder":[{"@id":"http://statistics.gov.scot/def/concept/folders/themes/population"},{"@id":"http://statistics.gov.scot/def/concept/folders/organisations/national-records-of-scotland"}],"http://purl.org/dc/terms/description":[{"@value":"Life expectancy in years, at birth and for age groups. Breakdowns are also given for deprivation (SIMD) and Urban Rural classification.\r\n\r\nLife expectancy refers to the number of years that a person could expect to survive if the current mortality rates for each age group, sex and geographic area remain constant throughout their life. This is referred to as ‘period life expectancy’ and does not usually reflect the actual number of years that a person will survive. This is because it does not take into account changes in health care and other social factors that may occur through someone’s lifetime. However, life expectancy is a useful statistic as it provides a snapshot of the health of a population and allows the identification of inequalities between populations.\r\n\r\nFurther details are available on the [NRS website](https://www.nrscotland.gov.uk/statistics-and-data/statistics/statistics-by-theme/life-expectancy/life-expectancy-at-scotland-level)"}],"http://statistics.gov.scot/def/statistical-quality/relevance":[{"@value":"Used in monitoring and investigating health inequality issues within Scotland, setting public health targets, informing pensions policy, research and teaching."}],"http://statistics.gov.scot/def/statistical-quality/accuracy-and-reliability":[{"@value":"Life expectancy at birth is an estimate which is subject to a margin of error. The accuracy of the results can be indicated by calculating a confidence interval within which the true underlying life expectancy would be expected to lie. \r\nThe National Records of Scotland (NRS) have published research papers assessing the quality of the administrative data sources that are used in the production of mid-year population estimates. \r\n\r\nPlease note that figures for 2020-2022 are provisional statistics. Usually, mid-year population estimates are used to calculate life expectancy. However, the populations for 2022 were taken from the 2020 based national population projections for Scottish life expectancy and from the 2018 based subnational projections for council and health board life expectancy. These figures will be superseded next year once rebased populations are available from the 2022 census. Figures by deprivation, urban-rural classification and Scottish Parliamentary Constituency for 2020-2022 are not available at this time."}],"http://statistics.gov.scot/def/statistical-quality/timeliness-and-punctuality":[{"@value":"The estimates are based on the mortality probabilities indicated by the death records for the three years prior to the date of publication. For example, the 2014-2016 estimates were published in December 2017. The most recent estimates were published on the pre-announced date.\r\n\r\nThis dataset will be updated annually"}],"http://statistics.gov.scot/def/statistical-quality/accessibility-and-clarity":[{"@value":"Life expectancy data, reports and supplementary material is available on [the NRS website](https://www.nrscotland.gov.uk/statistics-and-data/statistics/statistics-by-theme/life-expectancy)"}],"http://statistics.gov.scot/def/statistical-quality/comparability-and-coherence":[{"@value":"Time-series comparisons are currently appropriate at the council level. \r\n\r\nCare should be taken with comparisons at the NHS Board level until the time-series has been updated to include the corrected 2012 to 2014 mid-year estimates and the new 90 years and over upper age group. \r\n\r\nUrban Rural and SIMD Classifications change over time. Comparisons are suitable when the life expectancy estimate uses the same version of the classification as it will refer to the same areas. \r\n\r\nFurther information can be found in Life Expectancy for Areas in Scotland, 2014-2016 publication on [the NRS website](https://www.nrscotland.gov.uk/statistics-and-data/statistics/statistics-by-theme/life-expectancy).\r\n\r\nThere are differences between complete life tables (calculated for single year of age) and abridged life tables (calculated for grouped ages). The Scotland level figures presented in this publication are calculated using abridged life tables to allow for comparison with the subnational figures. The definitive life expectancy estimates for Scotland are published in the national life tables on [the NRS website](https://www.nrscotland.gov.uk/statistics-and-data/statistics/statistics-by-theme/life-expectancy)."}],"http://statistics.gov.scot/def/statistical-quality/confidentiality":[{"@value":"This dataset does not contain any sensitive or personal information."}],"http://statistics.gov.scot/def/statistical-quality/quality-management":[{"@value":"These data are quality assured by a statistician who was not involved in the publication. The council level data were also compared against those produced by ONS.\r\n\r\nThe United Kingdom Statistics Authority (UKSA) has designated these statistics as National Statistics, in line with the Statistics and Registration Service Act 2007 and signifying compliance with the Code of Practice for Official Statistics ([available on the UKSA website](https://www.statisticsauthority.gov.uk/code-of-practice/about-the-code/)). National Statistics status means that official statistics meet the highest standards of trustworthiness, quality and public value."}],"http://statistics.gov.scot/def/statistical-quality/revisions":[{"@value":"The estimates used in the 2014-2016 publication were calculated using corrected mid-year population estimates for 2012, 2013 and 2014 which were published by NRS in April 2016.."}],"http://publishmydata.com/def/dataset#nextUpdateDue":[{"@value":"September 2024"}]}]