[{"@id":"http://statistics.gov.scot/data/non-domestic-energy-performance-certificates","@type":["http://publishmydata.com/def/dataset#Dataset","http://publishmydata.com/def/dataset#FileDataset"],"http://www.w3.org/2000/01/rdf-schema#label":[{"@value":"Non-domestic Energy Performance Certificates - Dataset to Q3 2024"}],"http://purl.org/dc/terms/title":[{"@value":"Non-domestic Energy Performance Certificates - Dataset to Q3 2024"}],"http://www.w3.org/2000/01/rdf-schema#comment":[{"@value":"Management Information: environmental data on Non-domestic Energy Performance Certificate (EPC) and Recommendations Report for each current record held on the Scottish EPC Register from Q4 2014 to Q3 2024.  Data extracted October 2024.\r\n"}],"http://publishmydata.com/def/dataset#contactEmail":[{"@id":"mailto:EPCenquiries@gov.scot"}],"http://purl.org/dc/terms/issued":[{"@type":"http://www.w3.org/2001/XMLSchema#dateTime","@value":"2018-05-01T13:37:01Z"}],"http://purl.org/dc/terms/modified":[{"@type":"http://www.w3.org/2001/XMLSchema#dateTime","@value":"2024-11-05T16:43:40.720Z"}],"http://purl.org/dc/terms/creator":[{"@id":"http://statistics.gov.scot/id/organisation/scottish-government"}],"http://purl.org/dc/terms/publisher":[{"@id":"http://statistics.gov.scot/id/organisation/scottish-government"}],"http://purl.org/dc/terms/references":[{"@id":"http://statistics.gov.scot/help"}],"http://rdfs.org/ns/void#sparqlEndpoint":[{"@id":"http://statistics.gov.scot/sparql"}],"http://www.w3.org/ns/dcat#theme":[{"@id":"http://statistics.gov.scot/def/concept/folders/organisations/scottish-government"},{"@id":"http://statistics.gov.scot/def/concept/folders/themes/management-information"}],"http://publishmydata.com/def/ontology/folder/inFolder":[{"@id":"http://statistics.gov.scot/def/concept/folders/organisations/scottish-government"},{"@id":"http://statistics.gov.scot/def/concept/folders/themes/management-information"}],"http://purl.org/dc/terms/description":[{"@value":"This Management Information dataset presents environmental data from every current Domestic EPC assessment held by the SEPCR from Q2 2014 to Q1 2024 (data extracted from source in July 2024). This dataset includes the full postal address of every property assessed, plus additional data not presented on the Energy Performance Certificate or Recommendations Report. The dataset is subject to two separate licences arrangements:\r\n\r\n•\tAddress Data - Any use of address data (ADDRESS1, ADDRESS2, POSTTOWN \u0026 POSTCODE) which is not specified in Royal Mail’s copyright notice below, or covered by one of the copyright exceptions (see further information within the download file), will require an appropriate licence. For further information, please visit [www.osg.scot](https://osg.scot/portal/).\r\n\r\n•\tNon-Address Data - All data fields other than the address and postcode data (ADDRESS1, ADDRESS2, POSTTOWN \u0026 POSTCODE) included within this dataset are licensed under the Open Government Licence v3.0."}],"http://statistics.gov.scot/def/statistical-quality/relevance":[{"@value":"The data published in this extract is made available as Environmental Information for data analysis and to enable research into energy efficiency issues. The data must not be relied upon to verify if a valid EPC exists for a building, nor as the basis for the provision of energy improvement advice for a building."}],"http://statistics.gov.scot/def/statistical-quality/accuracy-and-reliability":[{"@value":"Lodgement of energy performance data to the Scottish EPC Register is subject to retrospective quality assurance on a sample basis with a minimum of 2% of lodgements subject to an audit process by the Approved Organisations that register EPC Assessors.  A note on action taken to quality assure data extracted from the Scottish EPC Register is included the publication guide within the zipfile."}],"http://statistics.gov.scot/def/statistical-quality/accessibility-and-clarity":[{"@value":"Royal Mail Copyright Notice: \r\n\r\nThese data include post town and postcodes in which intellectual property rights are owned by Royal Mail Group Limited (‘address data’). The Scottish Government has published the address data with the consent of Royal Mail Group Limited, which reserves all its copyright, database rights, trade marks and other intellectual property rights.\r\nRoyal Mail Group Limited permits the use of ‘address data’ for specific purposes related to the energy performance of buildings which are as follows:\r\n\r\n•\tThe effective management of properties in the private or public sector with a view to promoting energy efficiency (through consideration of factors such as patterns of use, maintenance, repairs, improvements and upgrades of building structure or energy using systems).\r\n\r\n•\tResearch to provide data, analysis and statistics intended to improve the understanding of energy efficiency of buildings or to facilitate innovation and improvement in use, design, materials and equipment to this end.\r\n\r\n•\tResearch into the effectiveness or impact of energy efficiency improvements including those delivered through Government or other energy improvement programmes.\r\n\r\n•\tPromoting and marketing energy efficiency improvements that may be made through a Government energy efficiency programme or initiative.\r\n\r\n•\tPromotion and better understanding of the current energy efficiency of buildings and potential improvement in the building sale or rental markets and/or by building occupiers or users.\r\n\r\n•\tTo enable enforcement authorities to carry out enforcement duties as required by The Energy Performance of Buildings (Scotland) Regulations 2008, as amended.\r\n\r\n•\tBy local authorities in the exercise of their duties under The Building (Scotland) Act 2003.\r\n\r\n•\tFor the prevention or detection of crime, the apprehension or prosecution of alleged offenders, any proceedings in a court or tribunal or complying with an order or a court or a tribunal.\r\n\r\nIn addition to the purposes set out above there are certain exceptions to copyright relating to Royal Mail postal information which permit you to use copyrighted material for specific and limited purposes. These include non-commercial research and private study, subject to compliance with certain conditions. Further information about these exceptions can be found here: [https://www.gov.uk/guidance/exceptions-to-copyright](https://www.gov.uk/guidance/exceptions-to-copyright).\r\n\r\nWhere you publish or otherwise share address data with any other person for any of the purposes permitted under this copyright notice, you must include a copy of this copyright notice with the data.\r\nAny use of address data which is not specified in this notice or covered by one of the copyright exceptions requires an appropriate license and is subject to Royal Mail Group Limited’s relevant terms and conditions listed at [www.poweredbypaf.com](https://www.poweredbypaf.com/).\r\nBy using address data on this website you will be taken to agree to the terms set out in this copyright notice. Failure to comply with this copyright notice may lead to Royal Mail Group Limited taking legal action against you.\r\nYou can contact Royal Mail at [address.management@royalmail.com](mailto:address.management@royalmail.com)."}],"http://statistics.gov.scot/def/statistical-quality/quality-management":[{"@value":"This publication of data is experimental and does not include full data cleansing to remove ‘out of range’ data elements.  There may therefore still be small numbers of extreme values in the dataset and some degree of caution in analysis is advised.  Further quality assurance of data will be undertaken in future releases and feedback from users on any issues identified in the current dataset would be welcomed."}],"http://publishmydata.com/def/dataset#nextUpdateDue":[{"@value":"January 2025"}],"http://publishmydata.com/def/dataset#downloadURL":[{"@id":"https://statistics.gov.scot/downloads/file?id=89d52d16-d173-41b8-9e04-124198b0ca11%2FND_EPC_data_2014-2024Q3.zip"}],"http://publishmydata.com/def/dataset#fileName":[{"@value":"ND_EPC_data_2014-2024Q3.zip"}],"http://publishmydata.com/def/dataset#fileExtension":[{"@value":"zip"}],"http://publishmydata.com/def/dataset#mediaType":[{"@value":"application/x-zip-compressed"}],"http://publishmydata.com/def/dataset#byteSize":[{"@type":"http://www.w3.org/2001/XMLSchema#integer","@value":"11932280"}]}]