FeatureCode,FeatureName,FeatureType,DateCode,Measurement,Units,Value
S92000003,Scotland,Country,2019-Q1,Count,Police Officers,17251.156
S92000003,Scotland,Country,2018-Q4,Count,Police Officers,17174.61
S92000003,Scotland,Country,2019-Q2,Count,Police Officers,17259.306
S92000003,Scotland,Country,2018-Q2,Count,Police Officers,17172.084
S92000003,Scotland,Country,2018-Q3,Count,Police Officers,17147.42
S92000003,Scotland,Country,2020-Q1,Count,Police Officers,17430.914
S92000003,Scotland,Country,2020-Q2,Count,Police Officers,17273.436
S92000003,Scotland,Country,2019-Q3,Count,Police Officers,17255.864
S92000003,Scotland,Country,2019-Q4,Count,Police Officers,17258.82
S92000003,Scotland,Country,2016-Q4,Count,Police Officers,17256.457
S92000003,Scotland,Country,2016-Q3,Count,Police Officers,17244.511
S92000003,Scotland,Country,2017-Q1,Count,Police Officers,17256.091
S92000003,Scotland,Country,2016-Q1,Count,Police Officers,17316.571
S92000003,Scotland,Country,2016-Q2,Count,Police Officers,17241.94
S92000003,Scotland,Country,2017-Q4,Count,Police Officers,17256.069
S92000003,Scotland,Country,2018-Q1,Count,Police Officers,17170.139
S92000003,Scotland,Country,2017-Q2,Count,Police Officers,17249.163
S92000003,Scotland,Country,2017-Q3,Count,Police Officers,17250.469
S92000003,Scotland,Country,2023-Q3,Count,Police Officers,16613.027
S92000003,Scotland,Country,2023-Q2,Count,Police Officers,16599.517
S92000003,Scotland,Country,2023-Q4,Count,Police Officers,16362.752
S92000003,Scotland,Country,2022-Q4,Count,Police Officers,16644.482
S92000003,Scotland,Country,2023-Q1,Count,Police Officers,16614.708
S92000003,Scotland,Country,2024-Q3,Count,Police Officers,16426.73
S92000003,Scotland,Country,2024-Q4,Count,Police Officers,16507.502
S92000003,Scotland,Country,2024-Q1,Count,Police Officers,16355.707
S92000003,Scotland,Country,2024-Q2,Count,Police Officers,16207.222
S92000003,Scotland,Country,2021-Q2,Count,Police Officers,17288.775
S92000003,Scotland,Country,2021-Q1,Count,Police Officers,17283.337
S92000003,Scotland,Country,2021-Q3,Count,Police Officers,17232.147
S92000003,Scotland,Country,2020-Q3,Count,Police Officers,17248.751
S92000003,Scotland,Country,2020-Q4,Count,Police Officers,17233.841
S92000003,Scotland,Country,2022-Q2,Count,Police Officers,16610.138
S92000003,Scotland,Country,2022-Q3,Count,Police Officers,16570.308
S92000003,Scotland,Country,2021-Q4,Count,Police Officers,17117.012
S92000003,Scotland,Country,2022-Q1,Count,Police Officers,16804.656
S92000003,Scotland,Country,2010-Q1,Count,Police Officers,17408.8435
S92000003,Scotland,Country,2009-Q4,Count,Police Officers,17272.965
S92000003,Scotland,Country,2010-Q2,Count,Police Officers,17423.865
S92000003,Scotland,Country,2009-Q2,Count,Police Officers,17278.475
S92000003,Scotland,Country,2009-Q3,Count,Police Officers,17217.317
S92000003,Scotland,Country,2011-Q1,Count,Police Officers,17263.27
S92000003,Scotland,Country,2011-Q2,Count,Police Officers,17338.9875
S92000003,Scotland,Country,2010-Q3,Count,Police Officers,17370.81
S92000003,Scotland,Country,2010-Q4,Count,Police Officers,17217.24
S92000003,Scotland,Country,2007-Q4,Count,Police Officers,16266.83
S92000003,Scotland,Country,2007-Q3,Count,Police Officers,16306.23
S92000003,Scotland,Country,2008-Q1,Count,Police Officers,16222.19
S92000003,Scotland,Country,2007-Q1,Count,Police Officers,16234.01
S92000003,Scotland,Country,2007-Q2,Count,Police Officers,16265.424
S92000003,Scotland,Country,2008-Q4,Count,Police Officers,16675.42
S92000003,Scotland,Country,2009-Q1,Count,Police Officers,17048.317
S92000003,Scotland,Country,2008-Q2,Count,Police Officers,16338.88
S92000003,Scotland,Country,2008-Q3,Count,Police Officers,16526.47
S92000003,Scotland,Country,2014-Q3,Count,Police Officers,17266.91
S92000003,Scotland,Country,2014-Q2,Count,Police Officers,17317.552
S92000003,Scotland,Country,2014-Q4,Count,Police Officers,17253.783
S92000003,Scotland,Country,2013-Q4,Count,Police Officers,17257.889
S92000003,Scotland,Country,2014-Q1,Count,Police Officers,17244.455
S92000003,Scotland,Country,2015-Q3,Count,Police Officers,17260.946
S92000003,Scotland,Country,2015-Q4,Count,Police Officers,17263.489
S92000003,Scotland,Country,2015-Q1,Count,Police Officers,17294.969
S92000003,Scotland,Country,2015-Q2,Count,Police Officers,17272.006
S92000003,Scotland,Country,2012-Q2,Count,Police Officers,17373.25
S92000003,Scotland,Country,2012-Q1,Count,Police Officers,17436.29
S92000003,Scotland,Country,2012-Q3,Count,Police Officers,17454.43
S92000003,Scotland,Country,2011-Q3,Count,Police Officers,17264.8115
S92000003,Scotland,Country,2011-Q4,Count,Police Officers,17343.33
S92000003,Scotland,Country,2013-Q2,Count,Police Officers,17323.9
S92000003,Scotland,Country,2013-Q3,Count,Police Officers,17313.4
S92000003,Scotland,Country,2012-Q4,Count,Police Officers,17436.1215
S92000003,Scotland,Country,2013-Q1,Count,Police Officers,17496.21
