[{"@id":"http://statistics.gov.scot/data/police-officer-quarterly-strength","@type":["http://purl.org/linked-data/cube#DataSet","http://publishmydata.com/def/dataset#Dataset","http://publishmydata.com/def/dataset#LinkedDataset"],"http://purl.org/linked-data/cube#structure":[{"@id":"http://statistics.gov.scot/data/structure/police-officer-quarterly-strength"}],"http://www.w3.org/2000/01/rdf-schema#label":[{"@value":"Police Officer Quarterly Strength"}],"http://purl.org/dc/terms/title":[{"@value":"Police Officer Quarterly Strength"}],"http://www.w3.org/2000/01/rdf-schema#comment":[{"@value":"Number of Full-Time Equivalent (FTE) police officers in Scotland at the end of each respective quarter. "}],"http://publishmydata.com/def/dataset#contactEmail":[{"@id":"mailto:JusticeStatistics@gov.scot"}],"http://publishmydata.com/def/dataset#graph":[{"@id":"http://statistics.gov.scot/graph/police-officer-quarterly-strength"}],"http://purl.org/dc/terms/issued":[{"@type":"http://www.w3.org/2001/XMLSchema#dateTime","@value":"2016-08-04T13:20:35Z"}],"http://purl.org/dc/terms/modified":[{"@type":"http://www.w3.org/2001/XMLSchema#dateTime","@value":"2025-02-04T09:30:37.724Z"}],"http://purl.org/dc/terms/license":[{"@id":"http://www.nationalarchives.gov.uk/doc/open-government-licence/version/3/"}],"http://purl.org/dc/terms/creator":[{"@id":"http://statistics.gov.scot/id/organisation/scottish-government"}],"http://purl.org/dc/terms/publisher":[{"@id":"http://statistics.gov.scot/id/organisation/scottish-government"}],"http://purl.org/dc/terms/references":[{"@id":"http://statistics.gov.scot/help"}],"http://rdfs.org/ns/void#sparqlEndpoint":[{"@id":"http://statistics.gov.scot/sparql"}],"http://www.w3.org/ns/dcat#theme":[{"@id":"http://statistics.gov.scot/def/concept/folders/organisations/scottish-government"},{"@id":"http://statistics.gov.scot/def/concept/folders/themes/crime-and-justice"}],"http://publishmydata.com/def/ontology/folder/inFolder":[{"@id":"http://statistics.gov.scot/def/concept/folders/organisations/scottish-government"},{"@id":"http://statistics.gov.scot/def/concept/folders/themes/crime-and-justice"}],"http://purl.org/dc/terms/description":[{"@value":"The first publication of Police Officer Quarterly Strength statistics as Official Statistics was on 2 December 2008. Prior to this publication, figures were collated by the Scottish Government and released through responses to Parliamentary Questions and by depositing the figures in the Scottish Parliamentary Library.\r\n\r\nThe Police and Fire Reform (Scotland) Act 2012 created Police Scotland and the Scottish Police Authority (SPA), which came into being on 1 April 2013. \r\nThe statistics in this release are based upon quarterly returns made by Police Scotland to the Scottish Government, and are a by-product of administrative processes, generated directly from the HR systems. The published police officer figures are sourced from Police Scotland’s personnel records and as such the quality and reliability is good. \r\n\r\nFigures include all police officers appointed by the Chief Constable of Police Scotland and senior police officers appointed by the Scottish Police Authority, excluding those on career breaks. Deployment of police officers is a matter for the Chief Constable of Police Scotland.\r\n\r\nThe following definitions apply to police officers in Scotland. These statistics include all officers deployed with the 13 local policing divisions, specialist and operational support, central functions, officers undertaking Scottish Police College training, long-term sick leave and maternity/adoption leave, officers at ports and airports paid either wholly or partially by the port/airport authority. Additional officers either wholly or partially funded by the local authority or an external body, and all officers otherwise seconded to Scottish Government, His Majesty’s Inspectorate of Constabulary for Scotland (HMICS), Scottish Police Authority and elsewhere. \r\n\r\nThese figures do not include police officers employed in Scotland by the British Transport Police, Ministry of Defence Police or the Civil Nuclear Constabulary.\r\n\r\nPolice Scotland publish a [geographical break down of police officers](https://www.scotland.police.uk/about-us/how-we-do-it/police-scotland-officer-numbers/) on the Police Scotland website.\r\n\r\nFurther information on [Crime and Justice statistics within Scotland](https://www.gov.scot/collections/crime-and-justice-statistics/) \r\n can be accessed on the Scottish Government website."}],"http://statistics.gov.scot/def/statistical-quality/relevance":[{"@value":"The statistics in this release provide the official count (Full-Time Equivalent) of police officers in Scotland. Police Scotland publishes a [geographical breakdown of police officer numbers](https://www.scotland.police.uk/about-us/how-we-do-it/police-scotland-officer-numbers/) on the Police Scotland website."}],"http://statistics.gov.scot/def/statistical-quality/accuracy-and-reliability":[{"@value":"The statistics in this release are based upon quarterly returns made by Police Scotland to the Scottish Government, and are a by-product of administrative processes, generated directly from the HR systems. The published police officer figures are sourced from Police Scotland’s personnel records and as such the quality, and reliability, is good."}],"http://statistics.gov.scot/def/statistical-quality/timeliness-and-punctuality":[{"@value":"The statistical bulletin is normally published the first Tuesday of the middle month of the following quarter (February, May, August, November). For example, the bulletin with police officer figures on 31 March is normally published on the first Tuesday in May."}],"http://statistics.gov.scot/def/statistical-quality/accessibility-and-clarity":[{"@value":"Information is presented as total count (Full-Time Equivalent) of police officers at a national (Scotland) level on a quarterly basis."}],"http://statistics.gov.scot/def/statistical-quality/comparability-and-coherence":[{"@value":"The first Police Officer Quarterly Strength bulletin was published on 2 December 2008, containing data as at 30 September 2008, and has been published every quarter since. Please note that changes over time should be calculated on unrounded figures."}],"http://statistics.gov.scot/def/statistical-quality/confidentiality":[{"@value":"This dataset does not contain any sensitive or personal information."}],"http://statistics.gov.scot/def/statistical-quality/quality-management":[{"@value":"Police Scotland complete regular quality assurance checks of their HR systems. Each business area, has a responsibility to review the quality of data they enter and hold on the HR and Duty Management System. Data anomaly checks are carried out centrally, using both manual investigation and automated scripting. These checks use data field value comparisons to establish inconsistencies. The frequency of these checks are predominantly monthly, quarterly, or on demand. Where anomalies are established, they are reported to the relevant business area for investigation and rectification.\r\n\r\nPolice Scotland Resource Planning \u0026 Co-ordination provide quality assurance of the HR and Duty Management System data relating to both officers and staff. Internal manuals of guidance have been developed for both officers and staff, providing instruction and process for the completion of quality assurance tasks on a weekly basis. This allows the provision of management information at an executive level of the Force and external reporting of statistics to the Scottish Government."}],"http://statistics.gov.scot/def/statistical-quality/revisions":[{"@value":"Revisions and corrections to this publication are dealt with in accordance with the [Scottish Government published policy.](https://www.gov.scot/publications/producing-official-statistics/pages/revisions-and-corrections/)"}],"http://publishmydata.com/def/dataset#nextUpdateDue":[{"@value":"May 2025"}]}]